text,cleaned_text
 yang dapat membaca atau mendengarkannya. Ketuk untuk info selengkapnya., yang dapat membaca atau mendengarkannya. Ketuk untuk info selengkapnya.
 'asal' : 'surakarta'}, asal  surakarta
dd[kunci]),ddkunci
c):,c
c) # se,c  se
 dan mengendalikan bagaimana data bergerak di sekitar sistem1., dan mengendalikan bagaimana data bergerak di sekitar sistem1.
 E. (2022). Arsitektur dan organisasi komputer. Purbalingga: Eureka Media Aksara., E. 2022. Arsitektur dan organisasi komputer. Purbalingga Eureka Media Aksara.
main majumaju dewe,main majumaju dewe
din  ...?Ù?¤,din  ...??
 karena Allah adalah tujuan yang paling tinggi., karena Allah adalah tujuan yang paling tinggi.
ra di inv,ra di inv
 arr[j], arrj
 c[j], cj
 bubblesort(b), bubblesortb
 arr[j], arrj
 A[i], Ai
cuman menyelesaikan latihan latihan gitu dalam materinya,cuman menyelesaikan latihan latihan gitu dalam materinya
sering ngirimi bokep initine sepurane bang Jago,sering ngirimi bokep initine sepurane bang Jago
syipa to,syipa to
 kampus yo enek, kampus yo enek
echo mpl philipin wedi ogh <Pesan ini diedit>,echo mpl philipin wedi ogh Pesan ini diedit
gelemme ro squad jago,gelemme ro squad jago
Sejarah bahasa indonesia.,Sejarah bahasa indonesia.
 7], 7
 7], 7
 sehingga linked list hasil akhir akan memiliki elemen dalam urutan terbalik dibandingkan dengan daftar asli d., sehingga linked list hasil akhir akan memiliki elemen dalam urutan terbalik dibandingkan dengan daftar asli d.
 yang mana setiap node berisi angka dari 1 hingga 10. Linked list ini dapat diilustrasikan sebagai berikut:, yang mana setiap node berisi angka dari 1 hingga 10. Linked list ini dapat diilustrasikan sebagai berikut
 Anda dapat melakukan langkah-langkah berikut:, Anda dapat melakukan langkahlangkah berikut
 disimpan dalam variabel., disimpan dalam variabel.
7],7
 link = None):, link  None
7],7
 link = None):, link  None
 7]d[0] = k, 7d0  k
 link=None):åÊåÊåÊåÊåÊåÊåÊ self.data = isi, linkNone self.data  isi
 self.head), self.head
 link=None):, linkNone
 termasuk algoritma dan struktur data., termasuk algoritma dan struktur data.
Programmer,Programmer
 dan data-datanya., dan datadatanya.
 dan peningkatan pada perangkat lunak., dan peningkatan pada perangkat lunak.
 dan penggunaan sumber daya seperti memori dan CPU., dan penggunaan sumber daya seperti memori dan CPU.
wegah dijak ogh,wegah dijak ogh
 pegawai3], pegawai3
 dan dokumentasi) dan menyerahkan surat pengantar pada pihak terkait., dan dokumentasi dan menyerahkan surat pengantar pada pihak terkait.
 pengajar di Madrasah Ibtidaiyah Muhammadiyah (MIM) Tawengan serta siswa Taman Kanak ÛÒ Kanak setempat., pengajar di Madrasah Ibtidaiyah Muhammadiyah MIM Tawengan serta siswa Taman Kanak  Kanak setempat.
 dan bersih ÛÒ bersihåÊruangåÊkelas., dan bersih  bersihruangkelas.
 akhir):, akhir
 len(alist) - 1)), lenalist  1
y):,y
y),y
titikbelah-1),titikbelah1
y),y
len(A)-1),lenA1
 len(A)- 1 ) # memanggil quickSortBantu di, lenA 1   memanggil quickSortBantu di
 akhir):, akhir
 akhir) # Atur elemen dan dapatkan titikBelah., akhir  Atur elemen dan dapatkan titikBelah.
 titikBelah- 1) # Ini rekursi untuk belah sisi kiri, titikBelah 1  Ini rekursi untuk belah sisi kiri
 akhir) # dan belah sisi kanan., akhir  dan belah sisi kanan.
 akhir):, akhir
 encoding='latin1'), encodinglatin1
 1000):  # Ukuran array dari 1000 hingga 10000 dengan penambahan 1000, 1000   Ukuran array dari 1000 hingga 10000 dengan penambahan 1000
 waktu eksekusi cenderung lebih singkat., waktu eksekusi cenderung lebih singkat.
 sed do eiusmod, sed do eiusmod
 sed do eiusmod, sed do eiusmod
 kono aprianto, kono aprianto
 gak jelas?Ù?£?Ù?£, gak jelas????
jejer kuwi,jejer kuwi
ning kampus ndue yang. Akehmen yang mu to can,ning kampus ndue yang. Akehmen yang mu to can
 10 Oktober 2024, 10 Oktober 2024
 dan User Experience**, dan User Experience
 dan tingkat kesalahan pengguna., dan tingkat kesalahan pengguna.
 sementara UX adalah keseluruhan pengalaman emosional dan kognitif pengguna saat berinteraksi dengan antarmuka tersebut., sementara UX adalah keseluruhan pengalaman emosional dan kognitif pengguna saat berinteraksi dengan antarmuka tersebut.
 dan [4](https://ejurnal.its.ac.id/index.php/teknik/article/view/111429/7413):, dan 4httpsejurnal.its.ac.idindex.phpteknikarticleview1114297413
 dan pengujian untuk menghasilkan solusi kreatif yang sesuai dengan kebutuhan pengguna., dan pengujian untuk menghasilkan solusi kreatif yang sesuai dengan kebutuhan pengguna.
 dan memperbaiki kesalahan., dan memperbaiki kesalahan.
 dan jendela untuk memudahkan interaksi pengguna., dan jendela untuk memudahkan interaksi pengguna.
 atau suara untuk mengontrol sistem tanpa alat tambahan., atau suara untuk mengontrol sistem tanpa alat tambahan.
 dan SaaS dalam layanan cloud computing? Berikan contohnya masing-masing.**, dan SaaS dalam layanan cloud computing? Berikan contohnya masingmasing.
 dan jaringan yang dikelola oleh pengguna. Contoh: Amazon EC2 menyediakan server virtual yang dapat digunakan sesuai kebutuhan pengguna., dan jaringan yang dikelola oleh pengguna. Contoh Amazon EC2 menyediakan server virtual yang dapat digunakan sesuai kebutuhan pengguna.
 dan mengelola aplikasi tanpa mengurus infrastruktur. Contoh: Google App Engine menyediakan lingkungan pengembangan dan deployment aplikasi berbasis cloud., dan mengelola aplikasi tanpa mengurus infrastruktur. Contoh Google App Engine menyediakan lingkungan pengembangan dan deployment aplikasi berbasis cloud.
 yang dapat terdampak jika terjadi gangguan pada penyedia layanan., yang dapat terdampak jika terjadi gangguan pada penyedia layanan.
 dan delete dengan tabel-tabel terhubung secara relasional. OLAP menggunakan struktur data multidimensi untuk memfasilitasi query analisis yang kompleks., dan delete dengan tabeltabel terhubung secara relasional. OLAP menggunakan struktur data multidimensi untuk memfasilitasi query analisis yang kompleks.
 misalnya dalam laporan penjualan bulanan untuk memahami tren pelanggan., misalnya dalam laporan penjualan bulanan untuk memahami tren pelanggan.
 kategori., kategori.
 tahun., tahun.
 negara., negara.
 atau lokasi penjualan., atau lokasi penjualan.
 dan data dari aplikasi mobile. Perusahaan ingin menggabungkan semua data ini untuk analisis perilaku pelanggan. Tentukan tahapan dalam proses ETL yang perlu dilakukan dan tantangan yang mungkin dihadapi dalam tahap transformasi., dan data dari aplikasi mobile. Perusahaan ingin menggabungkan semua data ini untuk analisis perilaku pelanggan. Tentukan tahapan dalam proses ETL yang perlu dilakukan dan tantangan yang mungkin dihadapi dalam tahap transformasi.
 aplikasi mobile) dengan menggunakan API atau konektor database., aplikasi mobile dengan menggunakan API atau konektor database.
 dan penyesuaian dengan standar data yang seragam untuk analisis., dan penyesuaian dengan standar data yang seragam untuk analisis.
 kategori_produk., kategoriproduk.
 tahun., tahun.
 lokasi_pabrik., lokasipabrik.
 atau waktu tertentu., atau waktu tertentu.
 dan Lokasi., dan Lokasi.
 dan pelaporan., dan pelaporan.
 harga diri meh tak bacoti nik ketemu, harga diri meh tak bacoti nik ketemu
 dan menunjukkan bahwa penulis memahami literatur yang relevan., dan menunjukkan bahwa penulis memahami literatur yang relevan.
 atau karya dari orang lain dalam penulisan ilmiah., atau karya dari orang lain dalam penulisan ilmiah.
 (3) Kurang menyebutkan tujuan penelitian secara jelas., 3 Kurang menyebutkan tujuan penelitian secara jelas.
 kek anjing, kek anjing
 9, 9
 isikan NIM dan Tanggal Lahir:, isikan NIM dan Tanggal Lahir
 ling, ling
 Ph.D. (Co-Director of Tokopedia-UI AI Center of Excellence), Ph.D. CoDirector of TokopediaUI AI Center of Excellence
 nikra seloso?, nikra seloso?
 atau TinyScanner untuk memindai dokumen., atau TinyScanner untuk memindai dokumen.
 dan gula. Aduk rata., dan gula. Aduk rata.
 atau wortel., atau wortel.
 menikah dengan Selvi Ananda., menikah dengan Selvi Ananda.
 menikah dengan Bobby Nasution., menikah dengan Bobby Nasution.
 menikah dengan Erina Gudono., menikah dengan Erina Gudono.
56 kg (berat rata-rata per orang),56 kg berat ratarata per orang
51%.,51.
56 kg,56 kg
51%.,51.
 saya siap membantu!, saya siap membantu!
 saya bisa membantu Anda membuat daftar pertimbangan untuk memilih pasangan yang tepat., saya bisa membantu Anda membuat daftar pertimbangan untuk memilih pasangan yang tepat.
 tetapi saya bisa memberikan jawaban berdasarkan skenario:, tetapi saya bisa memberikan jawaban berdasarkan skenario
 dan tricep. Gunakan barbel dengan berat yang sesuai., dan tricep. Gunakan barbel dengan berat yang sesuai.
 fleksibilitas), fleksibilitas
 Tricep Pushdown., Tricep Pushdown.
 Squat., Squat.
 Shoulder Press., Shoulder Press.
 atau Renang., atau Renang.
 dan gluteal., dan gluteal.
 dan gluteal., dan gluteal.
 dan punggung., dan punggung.
 wegah mangkat alasan ne udan, wegah mangkat alasan ne udan
 sih kalah ro bruno, sih kalah ro bruno
 makane wegah deng, makane wegah deng
Zaman,Zaman
 di ruang dosen lt. 2, di ruang dosen lt. 2
 gelem mu mabar ro sing jago, gelem mu mabar ro sing jago
 wegah main ro cah cah, wegah main ro cah cah
 kesel ku ilang, kesel ku ilang
 lgsg gah main ro aku, lgsg gah main ro aku
 lgsg off gah main wi, lgsg off gah main wi
